naslov;izvajalec;album;trajanje;eksplicitnost
Flashing Lights;Kanye West;Graduation;3:57;eksplicitna
Swimming Pools (Drank);Kendrick Lamar;Swimming Pools (Drank);4:08;eksplicitna
Heartbeat;Childish Gambino;Camp;4:25;ni_eksplicitna
Ms. Jackson;OutKast;Stankonia;4:32;eksplicitna
I Wonder;Kanye West;Graduation;4:03;eksplicitna
Fashion Killa;A$AP Rocky;LONG.LIVE.A$AP (Deluxe Version);3:56;eksplicitna
All Falls Down;Kanye West;The College Dropout;3:43;eksplicitna
Gold Digger;Kanye West;Late Registration;3:28;eksplicitna
Kiss Me Thru The Phone;Soulja Boy;iSouljaBoyTellem;3:13;ni_eksplicitna
Stronger;Kanye West;Graduation;5:12;eksplicitna
Homecoming;Kanye West;Graduation;3:23;eksplicitna
Alright;Kendrick Lamar;To Pimp A Butterfly;3:39;eksplicitna
Touch the Sky;Kanye West;Late Registration;3:56;eksplicitna
Meet Me Halfway;Black Eyed Peas;THE E.N.D. (THE ENERGY NEVER DIES) (Deluxe Version);4:44;ni_eksplicitna
Pursuit of Happiness (Nightmare);Kid Cudi;Man On The Moon: The End Of Day (Int'l Version);4:55;eksplicitna
Headlines;Drake;Take Care (Deluxe);3:56;eksplicitna
Swimming Pools (Drank) (extended version);Kendrick Lamar;good kid, m.A.A.d city (Deluxe);5:14;eksplicitna
21 Questions;50 Cent;Get Rich Or Die Tryin';3:44;eksplicitna
Runaway;Kanye West;My Beautiful Dark Twisted Fantasy;9:08;eksplicitna
Bitch, Don’t Kill My Vibe;Kendrick Lamar;good kid, m.A.A.d city (Deluxe);5:11;eksplicitna
Trap Queen;Fetty Wap;Goated Rap;3:42;eksplicitna
Everything I Am;Kanye West;Graduation;3:47;eksplicitna
One Beer;MF DOOM;MM..FOOD;4:19;eksplicitna
Paper Planes;M.I.A.;Kala;3:25;ni_eksplicitna
Can't Tell Me Nothing;Kanye West;Graduation;4:34;eksplicitna
Without Me;Eminem;The Eminem Show;4:50;eksplicitna
Poetic Justice;Kendrick Lamar;good kid, m.A.A.d city (Deluxe);5:00;eksplicitna
POWER;Kanye West;My Beautiful Dark Twisted Fantasy;4:52;eksplicitna
Low (feat. T-Pain);Flo Rida;Low (feat. T-Pain);3:51;ni_eksplicitna
Dark Fantasy;Kanye West;My Beautiful Dark Twisted Fantasy;4:41;eksplicitna
Champion;Kanye West;Graduation;2:47;eksplicitna
Pump It;Black Eyed Peas;Monkey Business;3:35;eksplicitna
It Was A Good Day;Ice Cube;Greatest Hits;4:20;eksplicitna
HUMBLE.;Kendrick Lamar;DAMN.;2:57;eksplicitna
A.D.H.D;Kendrick Lamar;Section.80;3:35;eksplicitna
In Da Club;50 Cent;Get Rich Or Die Tryin';3:13;eksplicitna
DNA.;Kendrick Lamar;DAMN.;3:05;eksplicitna
The Way I Are;Timbaland;Shock Value;2:59;ni_eksplicitna
Empire State of Mind;JAY-Z;The Blueprint 3;4:37;eksplicitna
So Fresh, So Clean;OutKast;Big Boi & Dre Present...OutKast;4:00;eksplicitna
All of the Lights;Kanye West;My Beautiful Dark Twisted Fantasy;5:00;eksplicitna
Good Life;Kanye West;Graduation;3:27;eksplicitna
The Real Slim Shady;Eminem;Curtain Call: The Hits;4:44;eksplicitna
Hoe Cakes;MF DOOM;MM..FOOD;3:54;eksplicitna
Black and Yellow;Wiz Khalifa;Football Hype Up;3:37;eksplicitna
Hot in Herre;Nelly;Da Derrty Versions: The Re-invention;3:45;eksplicitna
King Kunta;Kendrick Lamar;To Pimp A Butterfly;3:55;eksplicitna
Stereo Hearts (feat. Adam Levine);Gym Class Heroes;Stereo Hearts (feat. Adam Levine);3:30;ni_eksplicitna
Bad Girls;M.I.A.;Matangi;3:47;ni_eksplicitna
Through the Wire;Kanye West;The College Dropout;3:41;eksplicitna
Marvins Room;Drake;Take Care (Deluxe);5:47;eksplicitna
Rock That Body;Black Eyed Peas;THE E.N.D. (THE ENERGY NEVER DIES) (Deluxe Version);4:28;ni_eksplicitna
The Spins;Mac Miller;K.I.D.S.;3:15;eksplicitna
Smack That;Akon;Konvicted;3:36;ni_eksplicitna
The World Is Yours;Nas;Illmatic;4:50;eksplicitna
Best I Ever Had;Drake;So Far Gone;4:18;eksplicitna
Sunflower - Spider-Man: Into the Spider-Verse;Post Malone;Hollywood's Bleeding;2:38;ni_eksplicitna
Answer;Tyler, The Creator;Wolf;3:50;eksplicitna
Stan;Eminem;Curtain Call: The Hits;6:43;eksplicitna
N.Y. State of Mind;Nas;Illmatic;4:52;eksplicitna
All Caps;Madvillain;Madvillainy;2:10;eksplicitna
Hotel Room Service;Pitbull;Hotel Room Service;3:57;ni_eksplicitna
93 'til Infinity;Souls of Mischief;93 'til Infinity;4:46;ni_eksplicitna
Where Is the Love;Black Eyed Peas;Elephunk;4:32;ni_eksplicitna
Hate It Or Love It;The Game;The Documentary;3:27;eksplicitna
Lose Yourself;Eminem;Curtain Call: The Hits;5:26;eksplicitna
Good Morning;Kanye West;Graduation;3:15;eksplicitna
Black Skinhead;Kanye West;Yeezus;3:08;eksplicitna
Backseat Freestyle;Kendrick Lamar;good kid, m.A.A.d city (Deluxe);3:33;eksplicitna
Needed Me;Rihanna;ANTI (Deluxe);3:11;eksplicitna
Peso;A$AP Rocky;LIVE.LOVE.A$AP;2:50;eksplicitna
Do for Love;2Pac;R U Still Down? [Remember Me];4:40;eksplicitna
Jesus Walks;Kanye West;The College Dropout;3:13;eksplicitna
212 (feat. Lazy Jay);Azealia Banks;Ni podatka;Ni podatka;ni_eksplicitna
Till I Collapse;Eminem;The Eminem Show;4:57;eksplicitna
Sabotage;Beastie Boys;Solid Gold Hits;2:58;ni_eksplicitna
Mr. Rager;Kid Cudi;Best Hip Hop 2022;4:58;ni_eksplicitna
Feel Good Inc.;Gorillaz;Demon Days;3:42;ni_eksplicitna
Sad!;XXXTENTACION;?;2:46;eksplicitna
On Sight;Kanye West;Yeezus;2:38;eksplicitna
Still D.R.E.;Dr. Dre;2001;4:31;eksplicitna
Slow Jamz;Twista;Kamikaze;3:32;eksplicitna
Heard 'Em Say;Kanye West;Late Registration;3:24;eksplicitna
Insane in the Brain;Cypress Hill;Black Sunday;3:33;eksplicitna
My Humps;Black Eyed Peas;2000's HITS;5:26;ni_eksplicitna
Airplanes (feat. Hayley Williams);B.o.B;B.o.B Presents: The Adventures of Bobby Ray;3:00;eksplicitna
Many Men (Wish Death);50 Cent;Get Rich Or Die Tryin';4:16;eksplicitna
Electric Relaxation;A Tribe Called Quest;The Anthology;3:46;ni_eksplicitna
You Know How We Do It;Ice Cube;Greatest Hits;3:52;eksplicitna
I've Seen Footage;Death Grips;The Money Store;3:23;eksplicitna
Mockingbird;Eminem;Curtain Call: The Hits;4:11;eksplicitna
Money Trees;Kendrick Lamar;good kid, m.A.A.d city (Deluxe);6:27;eksplicitna
Roses;Kanye West;Late Registration;4:05;eksplicitna
Whistle;Flo Rida;Whistle;3:45;ni_eksplicitna
Luxury;Azealia Banks;Broke with Expensive Taste;2:48;eksplicitna
Beautiful;Snoop Dogg;Paid Tha Cost To Be Da Bo$$;4:58;eksplicitna
Dilemma;Nelly;Nellyville;4:49;eksplicitna
P.I.M.P.;50 Cent;Get Rich Or Die Tryin';4:09;eksplicitna
Imma Be;Black Eyed Peas;THE E.N.D. (THE ENERGY NEVER DIES);4:18;eksplicitna
Promiscuous;Nelly Furtado;Loose;4:02;ni_eksplicitna
The Show Goes On;Lupe Fiasco;The Show Goes On;3:56;ni_eksplicitna
Heartless;Kanye West;808s & Heartbreak;3:30;ni_eksplicitna
Family Business;Kanye West;The College Dropout;4:38;eksplicitna
Can I Kick It?;A Tribe Called Quest;Pure... 90s Dance Party;4:13;ni_eksplicitna
Fazers;King Geedorah;Take Me To Your Leader;3:17;eksplicitna
Two Words;Kanye West;The College Dropout;4:26;eksplicitna
Work Out;J. Cole;Cole World: The Sideline Story;3:54;eksplicitna
Hell of a Life;Kanye West;My Beautiful Dark Twisted Fantasy;5:28;eksplicitna
ATLiens;OutKast;ATLiens (25th Anniversary Deluxe Edition);3:50;eksplicitna
Moonlight;XXXTENTACION;?;2:15;eksplicitna
Hotline Bling;Drake;Views;4:27;ni_eksplicitna
Addiction;Kanye West;Late Registration;4:27;eksplicitna
These Walls;Kendrick Lamar;To Pimp A Butterfly;5:01;eksplicitna
Ambitionz az a Ridah;2Pac;All Eyez On Me;4:38;eksplicitna
Forever;Drake;Relapse: Refill;5:57;eksplicitna
Yonkers;Tyler, The Creator;Goblin;4:09;eksplicitna
Crosshairs;DANGERDOOM;THE MOUSE & THE MASK;2:26;ni_eksplicitna
Roses;OutKast;Hip Hop 100 Hits - Urban rap & R n B anthems inc. Jay Z, A$ap Rocky, Wu-Tang Clan & Nas;6:09;eksplicitna
Good Feeling;Flo Rida;Good Feeling;4:08;ni_eksplicitna
Get Got;Death Grips;The Money Store;2:51;eksplicitna
She;Tyler, The Creator;Goblin;4:13;eksplicitna
Lonely;Akon;Trouble;3:57;ni_eksplicitna
The New Workout Plan;Kanye West;The College Dropout;5:22;eksplicitna
Love Lockdown;Kanye West;808s & Heartbreak;4:30;ni_eksplicitna
Big Brother;Kanye West;Graduation;4:47;eksplicitna
Jazz (We've Got);A Tribe Called Quest;The Low End Theory;4:09;eksplicitna
It Ain't Hard to Tell;Nas;Illmatic;3:22;eksplicitna
Runnin';The Pharcyde;Labcabincalifornia (Deluxe Edition);5:02;ni_eksplicitna
Baby Got Back;Sir Mix-A-Lot;"""I Like Big Butts""";4:22;ni_eksplicitna
Window Shopper;50 Cent;Best Of 50 Cent;3:13;eksplicitna
Spaceship;Kanye West;The College Dropout;5:24;eksplicitna
November Has Come;Gorillaz;Demon Days;2:45;ni_eksplicitna
Drive Slow;Kanye West;Late Registration;4:32;eksplicitna
Let Me Blow Ya Mind;Eve;Scorpion;3:50;eksplicitna
Paranoid;Kanye West;808s & Heartbreak;4:38;ni_eksplicitna
"Nuthin' But a ""G"" Thang";Dr. Dre;The Chronic;3:58;eksplicitna
The Glory;Kanye West;Graduation;3:32;eksplicitna
Meat Grinder;Madvillain;Madvillainy;2:11;eksplicitna
Grindin';Clipse;Lord Willin';4:26;ni_eksplicitna
Jocelyn Flores;XXXTENTACION;17;1:59;eksplicitna
Momma;Kendrick Lamar;To Pimp A Butterfly;4:02;eksplicitna
Rhymes Like Dimes;MF DOOM;Operation: Doomsday (Complete);4:19;eksplicitna
See You Again (feat. Charlie Puth);Wiz Khalifa;See You Again (feat. Charlie Puth);3:49;ni_eksplicitna
International Love (feat. Chris Brown);Pitbull;Planet Pit;3:49;ni_eksplicitna
Clint Eastwood;Gorillaz;Gorillaz;5:40;eksplicitna
Fire Burning;Sean Kingston;La Guestlist;3:54;ni_eksplicitna
Whatever You Like;T.I.;Paper Trail;4:09;ni_eksplicitna
Hol' Up;Kendrick Lamar;Section.80;2:53;eksplicitna
Check the Rhime;A Tribe Called Quest;The Low End Theory;3:36;ni_eksplicitna
No Sleep Till Brooklyn;Beastie Boys;Licensed To Ill;4:06;eksplicitna
We Don't Care;Kanye West;The College Dropout;3:59;eksplicitna
Hip 2 Da Game;Lord Finesse;The Awakening;4:03;eksplicitna
The Next Episode;Dr. Dre;2001;2:42;eksplicitna
Ready or Not;Fugees;The Score (Expanded Edition);3:47;eksplicitna
Ms. Fat Booty;Mos Def;Ultimate Party Classics Hip Hop;3:43;eksplicitna
Forgot About Dre;Dr. Dre;2001;3:42;eksplicitna
Bound 2;Kanye West;Yeezus;3:49;eksplicitna
Full Clip;Gang Starr;Full Clip: A Decade Of Gang Starr;3:37;eksplicitna
Kick, Push;Lupe Fiasco;Lupe Fiasco's Food & Liquor;4:14;ni_eksplicitna
Lost in the World;Kanye West;My Beautiful Dark Twisted Fantasy;4:17;eksplicitna
Represent;Nas;Illmatic;4:13;eksplicitna
Survival of the Fittest;Mobb Deep;The Infamous;3:43;eksplicitna
Drop It Like It's Hot;Snoop Dogg;Hip Hop 2000;4:26;ni_eksplicitna
Dangerous;Kardinal Offishall;Welcome Summer 2020;4:06;eksplicitna
The Monster;Eminem;The Marshall Mathers LP2 (Deluxe);4:10;eksplicitna
Black Widow;Iggy Azalea;The New Classic (Deluxe Version);3:29;eksplicitna
Up Up & Away;Kid Cudi;Memories (feat. Kid Cudi);3:30;ni_eksplicitna
Just a Dream;Nelly;Just A Dream;4:00;ni_eksplicitna
I Wanna Love You;Akon;Best of 00's - Anni Duemila;4:07;eksplicitna
Gin and Juice;Snoop Dogg;2 Doggs;3:32;eksplicitna
Shook Ones, Pt. II;Mobb Deep;The Infamous;5:26;eksplicitna
Miami;Will Smith;Greatest Hits;3:18;ni_eksplicitna
My Name Is;Eminem;Curtain Call: The Hits;4:28;eksplicitna
Protect Ya Neck;Wu-Tang Clan;Enter The Wu-Tang (36 Chambers) [Expanded Edition];4:52;eksplicitna
Keep Their Heads Ringin';Dr. Dre;Friday (Original Motion Picture Soundtrack);5:06;eksplicitna
HiiiPoWeR;Kendrick Lamar;Section.80;4:39;eksplicitna
Remember the Name (feat. Styles of Beyond);Fort Minor;Petrified / Remember the Name;3:50;eksplicitna
Sing About Me, I'm Dying of Thirst;Kendrick Lamar;good kid, m.A.A.d city (Deluxe);12:04;eksplicitna
Eye Know;De La Soul;Eye Know;4:12;ni_eksplicitna
Welcome To Heartbreak;Kanye West;808s & Heartbreak;4:23;ni_eksplicitna
Always On Time;Ja Rule;Throwback Valentine's Jams;4:03;eksplicitna
Find a Way;A Tribe Called Quest;The Anthology;3:23;ni_eksplicitna
Changes;2Pac;The Best of 2Pac;4:29;eksplicitna
Run This Town;JAY-Z;The Blueprint 3;4:28;eksplicitna
Over;Drake;Take Care (Deluxe);4:33;eksplicitna
Figaro;Madvillain;Madvillainy;2:25;eksplicitna
Crank That (Soulja Boy);Soulja Boy;souljaboytellem.com;3:44;ni_eksplicitna
Run to the Sun;N*E*R*D;Ni podatka;Ni podatka;ni_eksplicitna
Sing for the Moment;Eminem;The Eminem Show;5:39;eksplicitna
Buggin' Out;A Tribe Called Quest;The Low End Theory;3:38;ni_eksplicitna
Work It;Missy Elliott;Pop Brunch;4:52;ni_eksplicitna
Soundtrack 2 My Life;Kid Cudi;Turn Up The Volume;3:55;eksplicitna
Accordion;Madvillain;Madvillainy;1:58;eksplicitna
You Know What;N*E*R*D;Ni podatka;Ni podatka;ni_eksplicitna
Get Ur Freak On;Missy Elliott;Miss E... So Addictive;3:56;eksplicitna
Shut Up;Black Eyed Peas;Elephunk;4:55;eksplicitna
How to Love;Lil Wayne;Tha Carter IV (Explicit Version);4:04;ni_eksplicitna
Last Call;Kanye West;The College Dropout;12:40;eksplicitna
Fu-Gee-La;Fugees;The Score (Expanded Edition);4:17;eksplicitna
Practice;Drake;Take Care (Deluxe);3:58;eksplicitna
Rap God;Eminem;The Marshall Mathers LP2 (Deluxe);6:04;eksplicitna
Halftime;Nas;Ni podatka;Ni podatka;ni_eksplicitna
Memory Lane (Sittin' in da Park);Nas;Illmatic;4:06;eksplicitna
Anaconda;Nicki Minaj;The Pinkprint;4:20;eksplicitna
Gettin' Jiggy Wit It;Will Smith;Greatest Hits;3:49;ni_eksplicitna
Make Her Say;Kid Cudi;Man On The Moon: The End Of Day (Int'l Version);3:36;eksplicitna
Suga Suga;Baby Bash;2000年代に流行った洋楽！;4:03;ni_eksplicitna
Goldie;A$AP Rocky;LONG.LIVE.A$AP (Deluxe Version);3:14;eksplicitna
Don't Phunk with My Heart;Black Eyed Peas;Worldwide hits 19;4:04;ni_eksplicitna
What's the Difference;Dr. Dre;2001;4:04;eksplicitna
Above The Clouds;Gang Starr;Hip Hop Workout;3:45;eksplicitna
Baby's on Fire;Die Antwoord;Ten$ion;3:57;eksplicitna
I Cry;Flo Rida;Wild Ones;3:43;ni_eksplicitna
Celebration;Kanye West;Late Registration;3:18;eksplicitna
Regulate;Warren G;Tastemakers: Def Jam;4:10;eksplicitna
Lapdance;N*E*R*D;Ni podatka;Ni podatka;ni_eksplicitna
I Got 5 On It;Luniz;Operation Stackola;4:13;ni_eksplicitna
Rosa Parks;OutKast;Live at Lollapalooza Festival 2014;4:59;ni_eksplicitna
m.A.A.d city;Kendrick Lamar;good kid, m.A.A.d city (Deluxe);5:50;eksplicitna
Mojo So Dope;Kid Cudi;No More Winter;3:30;eksplicitna
Sofa King;DANGERDOOM;THE MOUSE & THE MASK;2:57;ni_eksplicitna
Excursions;A Tribe Called Quest;The Low End Theory;3:53;ni_eksplicitna
Mass Appeal;Gang Starr;Old School Hip Hop Party;3:41;eksplicitna
Mathematics;Mos Def;Ultimate Party Classics Hip Hop;4:06;eksplicitna
You Got Me;The Roots;Things Fall Apart;4:19;eksplicitna
This Could Be Us;Rae Sremmurd;Hip Hop Workout I Beast Mode;3:26;eksplicitna
Amazing;Kanye West;808s & Heartbreak;3:58;ni_eksplicitna
Disco Inferno;50 Cent;The Massacre;3:36;eksplicitna
Dead Presidents II;JAY-Z;Reasonable Doubt;4:26;eksplicitna
Locked Up;Akon;Trouble;3:55;ni_eksplicitna
The Way I Am;Eminem;Curtain Call: The Hits;4:51;eksplicitna
Breakadawn;De La Soul;Buhloone Mindstate;4:15;eksplicitna
Carry Out (Featuring Justin Timberlake);Timbaland;Tunes That Stick Vol 3;3:52;ni_eksplicitna
Wu-Tang Clan Ain't Nuthing Ta F' Wit;Wu-Tang Clan;Enter The Wu-Tang (36 Chambers) [Expanded Edition];3:36;eksplicitna
Put It On;Big L;Lifestylez Ov Da Poor & Dangerous;3:36;ni_eksplicitna
BedRock;Young Money;We Are Young Money;4:49;eksplicitna
How We Do;The Game;The Documentary;3:55;eksplicitna
Beggin (Original Version);Madcon;Beggin;3:39;ni_eksplicitna
Kon Queso;MF DOOM;MM..FOOD;4:00;eksplicitna
Shoop;Salt-N-Pepa;90s Hip Hop;4:05;ni_eksplicitna
The Resistance;Drake;Thank Me Later (Int'l Version);3:45;eksplicitna
Nas Is Like;Nas;I Am...;3:56;eksplicitna
Sterrenstof;De Jeugd van Tegenwoordig;De Lachende Derde;3:41;eksplicitna
Rhinestone Eyes;Gorillaz;Plastic Beach;3:20;ni_eksplicitna
I'm Sprung;T-Pain;The Lost Remixes;2:01;ni_eksplicitna
Gucci Gucci;Kreayshawn;Gucci Gucci;3:07;ni_eksplicitna
The Hop;A Tribe Called Quest;Beats, Rhymes & Life;3:27;eksplicitna
School Spirit;Kanye West;The College Dropout;3:02;ni_eksplicitna
Shame on a Nigga;Wu-Tang Clan;Enter The Wu-Tang (36 Chambers) [Expanded Edition];2:57;eksplicitna
Da Mystery of Chessboxin';Wu-Tang Clan;Enter The Wu-Tang (36 Chambers) [Expanded Edition];4:48;eksplicitna
Diva;Beyoncé;I AM...SASHA FIERCE;3:21;ni_eksplicitna
Bring da Ruckus;Wu-Tang Clan;Enter The Wu-Tang (36 Chambers) [Expanded Edition];4:10;eksplicitna
Pitbull Terrier;Die Antwoord;Donker Mag;3:40;eksplicitna
Nice for What;Drake;Scorpion;3:30;eksplicitna
Curls;Madvillain;Madvillainy;1:35;ni_eksplicitna
Gangsta's Paradise;Coolio;Gangsta's Paradise;4:00;ni_eksplicitna
Fight for Your Right;Beastie Boys;Licensed To Ill;3:27;ni_eksplicitna
If I Can't;50 Cent;Get Rich Or Die Tryin';3:16;eksplicitna
Arson;j-hope;Jack In The Box;2:39;eksplicitna
rockstar (feat. 21 Savage);Post Malone;Ni podatka;Ni podatka;ni_eksplicitna
Beef Rapp;MF DOOM;MM..FOOD;4:40;eksplicitna
Brass Monkey;Beastie Boys;Solid Gold Hits;2:37;ni_eksplicitna
Shimmy Shimmy Ya;Ol' Dirty Bastard;Return to the 36 Chambers: The Dirty Version;2:41;eksplicitna
Superman;Eminem;The Eminem Show;5:50;eksplicitna
Need to Know;Doja Cat;Planet Her;3:30;eksplicitna
Dance With the Devil;Immortal Technique;Revolutionary, Vol. 1 (Bonus Edition);9:39;eksplicitna
1991;Azealia Banks;1991 - EP;3:30;eksplicitna
Poison;Bell Biv DeVoe;Remix The Classics (Vol. 4);3:34;ni_eksplicitna
Coldest Winter;Kanye West;808s & Heartbreak;2:46;ni_eksplicitna
Tron Cat;Tyler, The Creator;Goblin;4:13;eksplicitna
Who Will Survive in America;Kanye West;My Beautiful Dark Twisted Fantasy;1:38;eksplicitna
Love Yourz;J. Cole;2014 Forest Hills Drive;3:31;eksplicitna
Thrift Shop (feat. Wanz);Macklemore & Ryan Lewis;Ni podatka;Ni podatka;ni_eksplicitna
Purple Swag;A$AP Rocky;LONG.LIVE.A$AP (Deluxe Version);3:00;eksplicitna
Hits from the Bong;Cypress Hill;Black Sunday;2:41;eksplicitna
Hip Hop;Mos Def;Black On Both Sides;3:16;eksplicitna
Kill You;Eminem;The Marshall Mathers LP;4:24;eksplicitna
The Seed (2.0);The Roots;Phrenology;4:28;eksplicitna
Don't Cry;J Dilla;Donuts;1:59;ni_eksplicitna
Sure Shot;Beastie Boys;Ill Communication;3:20;eksplicitna
The Fever (Aye Aye);Death Grips;The Money Store;3:10;eksplicitna
Bass Down Low;Dev;Bass Down Low;3:30;eksplicitna
Show Me a Good Time;Drake;Thank Me Later (Int'l Version);3:30;eksplicitna
Straight Outta Compton;N.W.A;The Best Of N.W.A: The Strength Of Street Knowledge;4:14;eksplicitna
N 2 Gether Now;Limp Bizkit;Significant Other;4:49;eksplicitna
Method Man;Wu-Tang Clan;The Essential Wu-Tang Clan;4:51;eksplicitna
I Get Around;2Pac;Strictly 4 My N.I.G.G.A.Z...;4:19;eksplicitna
RoboCop;Kanye West;808s & Heartbreak;4:34;ni_eksplicitna
Complexion (A Zulu Love);Kendrick Lamar;To Pimp A Butterfly;4:23;eksplicitna
Hustle Bones;Death Grips;The Money Store;3:12;eksplicitna
Awkward;Tyler, The Creator;Wolf;3:47;eksplicitna
Deep Fried Frenz;MF DOOM;MM..FOOD;5:00;eksplicitna
When I'm Gone;Eminem;Curtain Call: The Hits;4:40;eksplicitna
No Type;Rae Sremmurd;Hip Hop Workout;3:20;eksplicitna
I Wish;Skee-Lo;I Wish (Album);4:12;ni_eksplicitna
Business;Eminem;The Eminem Show (Expanded Edition);4:11;eksplicitna
Sky Might Fall;Kid Cudi;Man On The Moon: The End Of Day (Int'l Version);3:40;eksplicitna
Bonita Applebum;A Tribe Called Quest;People's Instinctive Travels and the Paths of Rhythm (25th Anniversary Edition);3:49;ni_eksplicitna
No Role Modelz;J. Cole;2014 Forest Hills Drive;4:52;eksplicitna
Who's That Girl?;Eve;Scorpion;4:41;eksplicitna
Tamale;Tyler, The Creator;Wolf;2:46;eksplicitna
Crazy in Love (feat. JAY-Z);Beyoncé;Dangerously In Love;3:55;ni_eksplicitna
Doomsday;MF DOOM;Best of Mf;4:58;eksplicitna
Solo Dolo (Nightmare);Kid Cudi;Man On The Moon: The End Of Day (Int'l Version);4:26;eksplicitna
good kid;Kendrick Lamar;good kid, m.A.A.d city (Deluxe);3:34;eksplicitna
Rhinestone Cowboy;Madvillain;Madvillainy;3:59;eksplicitna
Shadowboxin';GZA/Genius;Ni podatka;Ni podatka;ni_eksplicitna
Cleanin' Out My Closet;Eminem;The Eminem Show;4:57;eksplicitna
99 Problems;JAY-Z;The Black Album;3:54;eksplicitna
What They Do;The Roots;Hip Hop Bangery;5:57;eksplicitna
Superfast Jellyfish;Gorillaz;Plastic Beach;2:54;ni_eksplicitna
Love the Way You Lie;Eminem;Recovery;4:23;eksplicitna
Temperature;Sean Paul;The Trinity;3:36;ni_eksplicitna
Girls;Beastie Boys;Licensed To Ill;2:14;ni_eksplicitna
Domo23;Tyler, The Creator;Wolf;2:41;eksplicitna
DENIAL IS A RIVER;Doechii;Mujeres Espectaculares de la Industria Musical;2:39;eksplicitna
Moment Of Truth;Gang Starr;Moment Of Truth;4:07;eksplicitna
Wild Ones (feat. Sia);Flo Rida;Wild Ones (feat. Sia);3:54;ni_eksplicitna
Bananza (Belly Dancer);Akon;Bananza (Belly Dancer);3:12;ni_eksplicitna
Candy Shop;50 Cent;Best Of 50 Cent;3:28;eksplicitna
Remember You (feat. The Weeknd);Wiz Khalifa;Remember You (feat. The Weeknd);4:49;eksplicitna
Role Model;Eminem;The Slim Shady LP;3:25;eksplicitna
4th Chamber;GZA/Genius;Ni podatka;Ni podatka;ni_eksplicitna
Right Round;Flo Rida;R.O.O.T.S. (Route of Overcoming the Struggle);3:24;ni_eksplicitna
Work;Gang Starr;Hip Hop Workout;2:57;eksplicitna
Fuck You;Dr. Dre;2001;3:25;eksplicitna
They Reminisce Over You (T.R.O.Y.);Pete Rock & C.L. Smooth;TAF TAPE 1;2:52;eksplicitna
Just Lose It;Eminem;Curtain Call: The Hits;4:09;eksplicitna
Rebirth of Slick (Cool Like Dat);Digable Planets;Beyond The Spectrum - The Creamy Spy Chronicles;4:21;ni_eksplicitna
Long Live A$AP;A$AP Rocky;LONG.LIVE.A$AP (Deluxe Version);4:49;eksplicitna
Money Folder;Madvillain;Madvillainy;3:02;ni_eksplicitna
Roman Holiday;Nicki Minaj;Pink Friday: Roman Reloaded The Re-Up (Explicit Version);4:06;eksplicitna
Just A Lil Bit;50 Cent;The Massacre;3:57;eksplicitna
Dear Mama;2Pac;Me Against The World;4:40;eksplicitna
i;Kendrick Lamar;i;3:52;eksplicitna
Aquemini;OutKast;Live at Lollapalooza Festival 2014;3:19;ni_eksplicitna
Right Thurr;Chingy;Kraftsport Mix 2023 - Gym & Workout Motivation;4:10;eksplicitna
GO!;Common;Hip Hop 00s;3:44;eksplicitna
Where I'm From;Digable Planets;Reachin' (A New Refutation Of Time And Space);4:35;ni_eksplicitna
Paris, Tokyo;Lupe Fiasco;Lupe Fiasco's The Cool;4:30;ni_eksplicitna
Tequila Sunrise;Cypress Hill;The Essential Cypress Hill;4:17;eksplicitna
Simon Says;Pharoahe Monch;Simon Says;2:53;eksplicitna
Don't Sweat the Technique;Eric B. & Rakim;NT Soundsystem;3:43;ni_eksplicitna
Blood on the Leaves;Kanye West;Yeezus;5:59;eksplicitna
X Gon' Give It To Ya;DMX;Cradle 2 The Grave;3:39;eksplicitna
Oh Shit;The Pharcyde;Bizarre Ride II The Pharcyde;4:30;eksplicitna
So What'cha Want;Beastie Boys;Solid Gold Hits;3:37;ni_eksplicitna
Niggas in Paris;JAY-Z & Kanye West;Vol. 3... Life And Times Of S. Carter;4:34;eksplicitna
Houstatlantavegas;Drake;So Far Gone;4:50;eksplicitna
Marijuana;Kid Cudi;Man On The Moon II: The Legend Of Mr. Rager;4:20;eksplicitna
Return of the Tres;Delinquent Habits;Merry Go Round;4:15;ni_eksplicitna
Ugly Boy;Die Antwoord;Donker Mag;3:33;eksplicitna
I Like It (I Wanna Be Where You Are);Grand Puba;2000;4:23;eksplicitna
Party Up;DMX;...And Then There Was X;4:31;eksplicitna
The Thrill;Wiz Khalifa;The Thrill (feat. Empire of the Sun);3:54;eksplicitna
They Say;Common;Be;3:57;eksplicitna
Praise the Lord (Da Shine) (feat. Skepta);A$AP Rocky;TESTING;3:26;eksplicitna
Killing Me Softly with His Song;Fugees;Ni podatka;Ni podatka;ni_eksplicitna
Pigs;Tyler, The Creator;Wolf + Instrumentals;4:13;eksplicitna
Elevators (Me & You);OutKast;Stankonia;4:32;eksplicitna
Me Myself and I;De La Soul;3 Feet High and Rising;3:49;ni_eksplicitna
Don't Stop the Party (feat. TJR);Pitbull;Don't Stop the Party (feat. TJR);3:26;ni_eksplicitna
Lights Please;J. Cole;Cole World: The Sideline Story;3:28;eksplicitna
Passin' Me By;The Pharcyde;Bizarre Ride II The Pharcyde;5:01;ni_eksplicitna
The Nosebleed Section;Hilltop Hoods;The Nosebleed Section;3:39;eksplicitna
Tha Crossroads;Bone Thugs-N-Harmony;E. 1999 Eternal;3:43;ni_eksplicitna
Bitch Please II;Eminem;The Marshall Mathers LP;4:48;eksplicitna
Just A Friend;Biz Markie;100 Greatest Guilty Pleasures: Cheesy Pop Hits;3:58;ni_eksplicitna
Big Pimpin';JAY-Z;Vol. 3... Life And Times Of S. Carter;4:44;eksplicitna
Sherane a.k.a Master Splinter’s Daughter;Kendrick Lamar;good kid, m.A.A.d city (Deluxe);4:33;eksplicitna
Crazy;Gnarls Barkley;St. Elsewhere;2:57;ni_eksplicitna
Steve Biko (Stir It Up);A Tribe Called Quest;Midnight Marauders;3:11;ni_eksplicitna
We Major;Kanye West;Late Registration;7:28;eksplicitna
Daydreamin' (feat. Jill Scott);Lupe Fiasco;Lupe Fiasco's Food & Liquor;3:54;eksplicitna
Get Money;Junior M.A.F.I.A.;The Best of JUNIOR M.A.F.I.A.;3:50;ni_eksplicitna
Sound of da Police;KRS-One;Return of the Boom Bap;4:18;ni_eksplicitna
Heart of the City (Ain't No Love);JAY-Z;The Blueprint (Explicit Version);3:42;eksplicitna
Boom Boom Pow;Black Eyed Peas;Fun In The Sun;4:13;eksplicitna
Harder Than You Think;Public Enemy;How You Sell Soul to a Soulless People Who Sold Their Soul?;4:09;ni_eksplicitna
48;Tyler, The Creator;Wolf + Instrumentals;4:07;eksplicitna
Jump Around;House of Pain;Hi-Five: House Of Pain;3:34;ni_eksplicitna
Get It Together;Beastie Boys;Ill Communication;4:06;eksplicitna
Rack City;Tyga;Rack City;3:28;eksplicitna
No Diggity;Blackstreet;No Diggity: The Very Best Of Blackstreet;5:04;ni_eksplicitna
The Cage;Death Grips;The Money Store;3:31;eksplicitna
She Wants to Move;N*E*R*D;Ni podatka;Ni podatka;ni_eksplicitna
Thieves In The Night;Black Star;Old School Hip Hop Party;5:11;eksplicitna
How Much a Dollar Cost;Kendrick Lamar;To Pimp A Butterfly;4:22;eksplicitna
U Can't Touch This;MC Hammer;U Can't Touch This;3:36;ni_eksplicitna
No Hands (feat. Roscoe Dash & Wale);Waka Flocka Flame;Lights Down Low (feat. Waka Flocka Flame);3:06;eksplicitna
Signs;Snoop Dogg;Signs;3:56;eksplicitna
UMI Says;Mos Def;Black On Both Sides;5:05;eksplicitna
Express Yourself;N.W.A;Straight Outta Compton;4:22;ni_eksplicitna
SpottieOttieDopaliscious;OutKast;Aquemini;7:07;eksplicitna
Rock the House;Gorillaz;Gorillaz;4:09;eksplicitna
Young Boy;Clipse;Lord Willin';4:26;ni_eksplicitna
New Slaves;Kanye West;Yeezus;4:16;eksplicitna
1st of tha Month;Bone Thugs-N-Harmony;E. 1999 Eternal;5:14;eksplicitna
Beautiful;Eminem;Relapse;6:32;eksplicitna
Vaudeville Villain;Viktor Vaughn;Vaudeville Villain;2:31;ni_eksplicitna
Ridin';Chamillionaire;I Am On Holiday;4:08;ni_eksplicitna
Say You Will;Kanye West;808s & Heartbreak;6:18;ni_eksplicitna
London Bridge;Fergie;Welcome Summer 2020;4:01;eksplicitna
I Don't Fuck with You;Big Sean;Gaming Hip Hop Hits;4:44;eksplicitna
Saint Pablo;Kanye West;The Life Of Pablo;6:12;eksplicitna
Mind Playing Tricks on Me;Geto Boys;We Can't Be Stopped;5:08;eksplicitna
Tearz;Wu-Tang Clan;Enter The Wu-Tang (36 Chambers) [Expanded Edition];4:17;eksplicitna
Handlebars;Flobots;Fight With Tools;3:27;ni_eksplicitna
L.E.S.;Childish Gambino;Camp;5:17;eksplicitna
Blackjack;Death Grips;The Money Store;2:22;eksplicitna
Flowers;Nujabes;Modal Soul;3:59;ni_eksplicitna
I Fink U Freeky;Die Antwoord;Ten$ion;4:41;eksplicitna
Hey Mama;Black Eyed Peas;Best of 00's - Anni Duemila;3:34;eksplicitna
Sex With Me;Rihanna;ANTI (Deluxe);3:26;eksplicitna
Ayo Technology;50 Cent;Best Of 50 Cent;4:06;eksplicitna
The Prayer;Kid Cudi;A Kid Named Cudi;3:39;eksplicitna
Berzerk;Eminem;The Marshall Mathers LP2;3:58;eksplicitna
Reflection Eternal;Nujabes;Modal Soul;4:20;ni_eksplicitna
Moment 4 Life;Nicki Minaj;Pink Friday;4:39;eksplicitna
Who Got da Props;Black Moon;Enta Da Stage;4:30;eksplicitna
Hip Hop Hooray;Naughty By Nature;19NaughtyIII;4:27;ni_eksplicitna
Don't Lie;Black Eyed Peas;Monkey Business;3:39;ni_eksplicitna
Street Talkin';Slick Rick;Ultimate Party Classics Hip Hop;3:41;eksplicitna
Guilty Conscience;Eminem;The Death of Slim Shady (Coup De Grâce): Expanded Mourner’s Edition;5:26;eksplicitna
Prototype;OutKast;Speakerboxxx/The Love Below;5:26;ni_eksplicitna
Rap Promoter;A Tribe Called Quest;The Low End Theory;2:13;ni_eksplicitna
Coming Home;Diddy - Dirty Money;Mega Hits 2011;3:59;ni_eksplicitna
Two Dope Boyz (In a Cadillac);OutKast;ATLiens;2:46;eksplicitna
Wow.;Post Malone;Wow.;2:30;eksplicitna
The Watcher;Dr. Dre;2001;3:27;eksplicitna
The Corner;Common;Be;3:46;eksplicitna
LVL;A$AP Rocky;LONG.LIVE.A$AP (Deluxe Version);3:40;eksplicitna
Blunt Blowin;Lil' Wayne;Tha Carter IV (Complete Edition);5:12;eksplicitna
Go With The Flow;MF DOOM;Operation: Doomsday (Complete);3:37;eksplicitna
Guillotine;Death Grips;Guillotine;3:43;ni_eksplicitna
Astronomy (8th Light);Black Star;Mos Def & Talib Kweli Are Black Star;3:23;eksplicitna
Get Down;Nas;God's Son;4:04;ni_eksplicitna
Provider;N*E*R*D;Ni podatka;Ni podatka;ni_eksplicitna
Big City Life;Mattafix;Big City Life;2:26;ni_eksplicitna
Mama Said Knock You Out;LL Cool J;Austin City Limits - Live;3:10;eksplicitna
The Truth;Handsome Boy Modeling School;So...How's Your Girl?;5:37;ni_eksplicitna
Circles;Post Malone;Circles;3:35;ni_eksplicitna
Dirt off Your Shoulder;JAY-Z;The Black Album;4:04;eksplicitna
Break Ya Neck;Busta Rhymes;Genesis;3:51;eksplicitna
Criminal;Eminem;Curtain Call: The Hits (Deluxe Edition);5:19;eksplicitna
Lean Back;Terror Squad;True Story;4:11;eksplicitna
Lone;Tyler, The Creator;Wolf + Instrumentals;3:56;eksplicitna
Crack Music;Kanye West;Late Registration;4:31;eksplicitna
You;Lloyd;Eminem Presents The Re-Up;4:22;eksplicitna
Let's Get It Started;Black Eyed Peas;Rap Kings Vol 7;3:37;ni_eksplicitna
Pink Venom;BLACKPINK;Pink Venom;3:07;ni_eksplicitna
The Genesis;Nas;Illmatic;1:45;eksplicitna
You Ain't Gotta Lie (Momma Said);Kendrick Lamar;To Pimp A Butterfly;4:02;eksplicitna
Lucifer;JAY-Z;The Black Album;3:11;eksplicitna
Chun-Li;Nicki Minaj;Queen;3:10;eksplicitna
The Message;Nas;It Was Written;3:54;eksplicitna
Up North Trip;Mobb Deep;The Infamous;4:58;eksplicitna
Definition;Black Star;Ultimate Party Classics Hip Hop;3:26;eksplicitna
None Shall Pass;Aesop Rock;None Shall Pass;4:04;ni_eksplicitna
Shorty Wanna Be a Thug;2Pac;All Eyez On Me;3:51;eksplicitna
1, 2 Step (feat. Missy Elliott);Ciara;Goodies;3:22;ni_eksplicitna
Counting Stars;Nujabes;Kei Nishikori meets Nujabes;4:08;ni_eksplicitna
Shake Your Rump;Beastie Boys;Paul's Boutique (20th Anniversary Edition / Remastered);3:19;ni_eksplicitna
Show Me (feat. Chris Brown);Kid Ink;My Own Lane (Expanded Edition);3:39;eksplicitna
Opposite of Adults;Chiddy Bang;Opposite of Adults EP;3:15;ni_eksplicitna
3030;Deltron 3030;Deltron 3030;7:29;ni_eksplicitna
Hustlin';Rick Ross;Port Of Miami;4:15;eksplicitna
Appetite for Destruction;N.W.A;Efil4zaggin;3:13;eksplicitna
The Next Movement;The Roots;Things Fall Apart;4:10;eksplicitna
Like a Boy;Ciara;The Evolution;3:57;ni_eksplicitna
One Time 4 Your Mind;Nas;Illmatic;3:17;eksplicitna
Hit 'Em Up - Single Version;2Pac;Greatest Hits;5:12;eksplicitna
Crack a Bottle;Eminem;Relapse;4:58;eksplicitna
Look What You've Done;Drake;Take Care (Deluxe);5:02;eksplicitna
Day 'n' Nite;Kid Cudi;Man On The Moon: The End Of Day (Int'l Version);4:42;eksplicitna
Ride Wit Me;Nelly;Best Of Nelly;4:51;eksplicitna
So Many Tears;2Pac;Me Against The World;3:58;eksplicitna
Superstar (feat. Matthew Santos);Lupe Fiasco;Superstar;3:58;ni_eksplicitna
Confident;Justin Bieber;Journals;4:08;ni_eksplicitna
Zealots;Fugees;The Score (Expanded Edition);4:20;eksplicitna
Mistadobalina;Del Tha Funkee Homosapien;Ni podatka;Ni podatka;ni_eksplicitna
Beggin';Madcon;Beggin;3:39;ni_eksplicitna
I Left My Wallet in El Segundo;A Tribe Called Quest;Ni podatka;Ni podatka;ni_eksplicitna
Because I Got High;Afroman;The Good Times;3:18;eksplicitna
Hurricane;Kanye West;Hurricane;3:58;ni_eksplicitna
Living in the World Today;GZA/Genius;Ni podatka;Ni podatka;ni_eksplicitna
Rompe;Daddy Yankee;Latino Hits 2022;3:24;ni_eksplicitna
Get Low;Lil Jon & The East Side Boyz;Best Wishes To Jody Chiang (REMASTERED);4:03;ni_eksplicitna
Bucktown;Smif-n-Wessun;Dah Shinin';4:07;eksplicitna
Thuggish Ruggish Bone;Bone Thugs-N-Harmony;Creepin on Ah Come Up;4:41;eksplicitna
Drug Ballad;Eminem;The Marshall Mathers LP;5:00;eksplicitna
Punk Weight;Death Grips;The Money Store;3:24;eksplicitna
Fall In Love;Slum Village;Fantastic, Vol. 2.10;3:55;eksplicitna
Area Codes;Ludacris;Word Of Mouf;5:03;eksplicitna
Clan in da Front;Wu-Tang Clan;Enter The Wu-Tang (36 Chambers) [Expanded Edition];4:33;eksplicitna
Give It To Me;Timbaland;Shock Value;3:32;ni_eksplicitna
You Can Do It;Ice Cube;Ultimate Party Classics Hip Hop;4:19;eksplicitna
Mastermind;Deltron 3030;Deltron 3030;3:34;ni_eksplicitna
Faithful;Common;Be;3:33;eksplicitna
No Sleep;Wiz Khalifa;Rolling Papers;3:11;eksplicitna
Concrete Schoolyard;Jurassic 5;J5 (Deluxe Edition);5:21;eksplicitna
Jazzy Belle;OutKast;ATLiens;4:12;eksplicitna
Hip-Hop;dead prez;It's Bigger Than Hip-Hop;3:47;ni_eksplicitna
The Message;Dr. Dre;2001;5:09;ni_eksplicitna
Hey Mama;Kanye West;Late Registration;5:05;eksplicitna
Drop;The Pharcyde;Labcabincalifornia;5:36;eksplicitna
Marshall Mathers;Eminem;The Marshall Mathers LP;5:11;eksplicitna
When The Shit Goes Down;Cypress Hill;Black Sunday;3:07;eksplicitna
Wheelz of Steel;OutKast;ATLiens;4:03;eksplicitna
Poo-Putt Platter;MF DOOM;MM..FOOD;1:14;eksplicitna
Bad News;Kanye West;808s & Heartbreak;3:59;ni_eksplicitna
Cinderella Man;Eminem;Recovery;4:39;eksplicitna
Rapper's Delight;The Sugarhill Gang;The Sugarhill Gang - 30th Anniversary Edition (Expanded Version);3:55;ni_eksplicitna
Brooklyn Zoo;Ol' Dirty Bastard;Return to the 36 Chambers: The Dirty Version;3:37;eksplicitna
MVP;Big L;Lifestylez Ov Da Poor & Dangerous;3:38;ni_eksplicitna
When the Last Time;Clipse;Lord Willin';4:13;ni_eksplicitna
Soldier;Eminem;The Eminem Show;3:46;eksplicitna
Liquorice;Azealia Banks;1991 - EP;3:16;eksplicitna
Donald Trump;Mac Miller;Donald Trump;2:45;eksplicitna
Won't Do;J Dilla;The Shining (The 10th Anniversary Collection);3:52;eksplicitna
Jettin';Digable Planets;Blowout Comb;4:39;ni_eksplicitna
Where The Hood At;DMX;Grand Champ;4:46;eksplicitna
Eazy-Duz-It;Eazy-E;Eternal E;4:21;eksplicitna
The Final View;Nujabes;Metaphorical Music;3:35;ni_eksplicitna
Children's Story;Slick Rick;Tastemakers: Def Jam;3:59;eksplicitna
Fire Fly;Childish Gambino;Camp;3:23;eksplicitna
Shake That;Eminem;Curtain Call: The Hits;4:35;eksplicitna
Beat Laments the World;Nujabes;Metaphorical Music;4:23;ni_eksplicitna
Little Bit (feat. Lykke Li);Drake;Ni podatka;Ni podatka;ni_eksplicitna
Double Helix;Death Grips;The Money Store;2:40;eksplicitna
Rockstar;Lisa;Alter Ego;2:18;eksplicitna
Fast Lane;Bad Meets Evil;Hell: The Sequel (Deluxe);4:09;eksplicitna
Bust a Move;Young M.C.;The Replacements (Music From The Motion Picture);4:26;ni_eksplicitna
Not Like Us;Kendrick Lamar;Not Like Us;4:34;eksplicitna
Mirror;Lil' Wayne;Tha Carter IV (Complete Edition);3:48;eksplicitna
REVOFEV;Kid Cudi;Man On The Moon II: The Legend Of Mr. Rager;3:03;ni_eksplicitna
Loungin';Guru;Jazzmatazz Volume 1;4:38;ni_eksplicitna
You Know My Steez;Gang Starr;Moment Of Truth;3:44;eksplicitna
Intergalactic;Beastie Boys;Hello Nasty (Deluxe Edition/Remastered);3:51;ni_eksplicitna
Chanel;Frank Ocean;Chanel;3:30;eksplicitna
Roll Up;Wiz Khalifa;Roll Up;3:47;eksplicitna
Wanksta;50 Cent;Get Rich Or Die Tryin';3:39;eksplicitna
Get Dis Money;Slum Village;Fantastic, Vol.2: Vinyl Instrumentals;3:32;ni_eksplicitna
Be (Intro);Common;Be;2:24;eksplicitna
Spaghetti Junction;OutKast;Stankonia;3:57;eksplicitna
Flamboyant;Big L;The Big Picture;3:07;eksplicitna
Take You There;Sean Kingston;Take You There;3:56;ni_eksplicitna
Acid Raindrops;People Under the Stairs;Acid Raindrops;4:24;ni_eksplicitna
Summertime;DJ Jazzy Jeff & The Fresh Prince;Ni podatka;Ni podatka;ni_eksplicitna
Purple Pills;D12;Devils Night;5:03;eksplicitna
Fireworks;Drake;Thank Me Later (Int'l Version);5:13;eksplicitna
Who Knew;Eminem;The Marshall Mathers LP;3:48;eksplicitna
Kiss Kiss (feat. T-Pain);Chris Brown;Kiss Kiss;4:11;ni_eksplicitna
Tambourine;Eve;Tambourine;3:12;eksplicitna
Glamorous;Fergie;Best of 00's - Anni Duemila;4:07;eksplicitna
Livin' It Up;Ja Rule;Travel Rap;4:17;ni_eksplicitna
Respiration;Black Star;Mos Def & Talib Kweli Are Black Star;6:05;eksplicitna
Poppin' Them Thangs;G-Unit;Hip Hop Workout I Beast Mode;4:01;eksplicitna
Real People;Common;Real People;2:37;eksplicitna
El Chupa Nibre;DANGERDOOM;THE MOUSE & THE MASK;2:36;ni_eksplicitna
So Good;B.o.B;The American Fox-Trot;2:41;ni_eksplicitna
It Wasn't Me;Shaggy;The Boombastic Collection - Best Of Shaggy (International Version);3:47;ni_eksplicitna
Intro;OutKast;Speakerboxxx/The Love Below;1:29;ni_eksplicitna
Fuck tha Police;N.W.A;Straight Outta Compton;5:43;eksplicitna
Ether;Nas;Stillmatic;4:37;eksplicitna
How Many Mics;Fugees;The Score (Expanded Edition);4:28;eksplicitna
Crumblin' Erb;OutKast;Live at Lollapalooza Festival 2014;4:07;ni_eksplicitna
Southernplayalisticadillacmuzik;OutKast;Live at Lollapalooza Festival 2014;4:07;ni_eksplicitna
Cold World;GZA/Genius;Ni podatka;Ni podatka;ni_eksplicitna
Square Dance;Eminem;The Eminem Show;5:23;eksplicitna
Work Hard, Play Hard;Wiz Khalifa;Me Against the World;3:54;ni_eksplicitna
Street Struck;Big L;Lifestylez Ov Da Poor & Dangerous;4:09;ni_eksplicitna
Speed Law;Mos Def;The Best 90s Hip Hop Hits;4:16;eksplicitna
Liquid Swords;GZA/Genius;Ni podatka;Ni podatka;ni_eksplicitna
Buddah Lovaz;Bone Thugs-N-Harmony;E. 1999 Eternal;4:43;eksplicitna
Let's Get Blown;Snoop Dogg;Signs;4:39;eksplicitna
Mr. Me Too;Clipse;Hell Hath No Fury;3:41;eksplicitna
What's Golden;Jurassic 5;Work It Out;3:08;ni_eksplicitna
Keep Ya Head Up;2Pac;Still I Rise;4:22;eksplicitna
Jestem bogiem;Paktofonika;Jestem Bogiem EP (Remaster);3:23;ni_eksplicitna
Colossus;Tyler, The Creator;Wolf;3:33;eksplicitna
High All The Time;50 Cent;Get Rich Or Die Tryin';4:29;eksplicitna
Things Are Getting Better;N*E*R*D;Ni podatka;Ni podatka;ni_eksplicitna
Comfortable;Lil' Wayne;Tha Carter III;4:25;eksplicitna
Make Some Noise;Beastie Boys;Hot Sauce Committee (Pt. 2);3:30;ni_eksplicitna
Code Of The Streets;Gang Starr;Full Clip: A Decade Of Gang Starr;3:29;eksplicitna
Come Get Her;Rae Sremmurd;Gaming Hip Hop Hits;3:31;eksplicitna
Thank Me Now;Drake;Ni podatka;Ni podatka;ni_eksplicitna
4 Better Or 4 Worse;The Pharcyde;Bizarre Ride II The Pharcyde (25th Anniversary Edition);0:36;eksplicitna
Duel of the Iron Mic;GZA/Genius;Ni podatka;Ni podatka;ni_eksplicitna
What Up Gangsta;50 Cent;Get Rich Or Die Tryin';2:57;eksplicitna
Street Dreams;Nas;It Was Written;4:41;eksplicitna
Rock Bottom;Eminem;The Slim Shady LP;3:34;eksplicitna
Jump;Kris Kross;Totally Krossed Out;3:14;ni_eksplicitna
Alive (Nightmare);Kid Cudi;Man On The Moon: The End Of Day (Int'l Version);4:06;eksplicitna
Feel So Good;Mase;Rolling 200 Deep;62:33;eksplicitna
Nightmares of the Bottom;Lil' Wayne;What's A Goon To A Goblin?;4:41;eksplicitna
Whatta Man;Salt-N-Pepa;Very Necessary;5:07;ni_eksplicitna
Tumblr Girls (feat. Christoph Andersson);G-Eazy;These Things Happen;4:15;eksplicitna
Act A Fool;Ludacris;Tunes That Stick Vol 6;4:30;eksplicitna
Freek-A-Leek;Petey Pablo;Still Writing In My Diary: 2nd Entry;3:55;eksplicitna
Vibes and Stuff;A Tribe Called Quest;The Low End Theory;4:18;ni_eksplicitna
Nikes on My Feet;Mac Miller;K.I.D.S.;2:44;eksplicitna
Family Affair;Mary J. Blige;Reflections - A Retrospective;4:25;ni_eksplicitna
Fit But You Know It;The Streets;A Grand Don't Come for Free;4:14;eksplicitna
Survival;Eminem;The Marshall Mathers LP2;4:33;eksplicitna
Forever;Chris Brown;La Guestlist;4:38;ni_eksplicitna
FXCK UP THE WORLD (Vixi Solo Version);Lisa;Alter Ego;2:55;eksplicitna
This Is America;Childish Gambino;This Is America;3:45;eksplicitna
White America;Eminem;The Eminem Show;5:24;eksplicitna
I Wanna Get High;Cypress Hill;Black Sunday;2:54;eksplicitna
Fuck Wit Dre Day (And Everybody's Celebratin');Dr. Dre;The Chronic;4:52;eksplicitna
I'm Back;Eminem;The Marshall Mathers LP;5:10;eksplicitna
Murder Was The Case;Snoop Dogg;2 Doggs;3:39;eksplicitna
Izzo (H.O.V.A.);JAY-Z;The Hits Collection Volume One (International Version Explicit);4:01;eksplicitna
Root Down;Beastie Boys;Root Down EP;3:47;eksplicitna
Otha Fish;The Pharcyde;Bizarre Ride II The Pharcyde (25th Anniversary Edition);5:20;eksplicitna
Just Don't Give a Fuck;Eminem;The Slim Shady LP;4:02;eksplicitna
One;Ghostface Killah;Ghostface Killah...Shaolin's Finest;3:45;eksplicitna
Slam;Onyx;Tastemakers: Def Jam;3:36;eksplicitna
System Blower;Death Grips;The Money Store;3:52;eksplicitna
Wanna Get To Know You;G-Unit;No More Winter;4:25;eksplicitna
My Band;D12;Ni podatka;Ni podatka;ni_eksplicitna
Collard Greens;ScHoolboy Q;Oxymoron (Deluxe);5:00;eksplicitna
LOYALTY. FEAT. RIHANNA.;Kendrick Lamar;Ni podatka;Ni podatka;ni_eksplicitna
Around The Way Girl;LL Cool J;Golden Era (Instrumental Version);3:24;ni_eksplicitna
Beez in the Trap;Nicki Minaj;Pink Friday ... Roman Reloaded (Deluxe);4:28;eksplicitna
Hurt Me Soul;Lupe Fiasco;Ni podatka;Ni podatka;ni_eksplicitna
Down With The Trumpets;Rizzle Kicks;Down With The Trumpets;3:06;ni_eksplicitna
Doing It Wrong;Drake;Take Care (Deluxe);4:25;eksplicitna
Over My Dead Body;Drake;Take Care (Deluxe);4:33;eksplicitna
changes;XXXTENTACION;?;2:01;ni_eksplicitna
Pour It Up;Rihanna;Unapologetic (Deluxe);2:41;eksplicitna
Hey!;MF DOOM;Operation: Doomsday (Complete);3:47;eksplicitna
Testify;Common;Be;2:36;eksplicitna
Ya Mama;The Pharcyde;Bizarre Ride II The Pharcyde;4:19;eksplicitna
Flute Loop;Beastie Boys;Ill Communication;1:55;eksplicitna
Coolie High;Camp Lo;Uptown Saturday Night;4:01;eksplicitna
The Choice Is Yours (Revisited);Black Sheep;A Wolf In Sheep's Clothing;4:03;ni_eksplicitna
Fight the Power;Public Enemy;Black History Month 2023;4:42;ni_eksplicitna
JFK 2 LAX;Gang Starr;Moment Of Truth;3:35;eksplicitna
Encore;JAY-Z;Collision Course;3:25;eksplicitna
Ass Like That;Eminem;Encore;4:25;eksplicitna
Mama Do The Hump;Rizzle Kicks;Hype Up & Getting Ready;3:36;ni_eksplicitna
Rather Unique;AZ;Doe Or Die;4:51;eksplicitna
Better Now;Post Malone;beerbongs & bentleys;3:50;eksplicitna
Brown Skin Lady;Black Star;Mos Def & Talib Kweli Are Black Star;5:46;eksplicitna
Mince Meat;DANGERDOOM;THE MOUSE & THE MASK;2:32;ni_eksplicitna
Ch-Check It Out;Beastie Boys;Solid Gold Hits;3:10;ni_eksplicitna
Look at Me!;XXXTENTACION;Look At Me!;2:06;eksplicitna
Things You Can Do;Deltron 3030;Deltron 3030;4:59;ni_eksplicitna
Fly;Nicki Minaj;Pink Friday;3:33;eksplicitna
Live and Let Live;Souls of Mischief;93 'til Infinity;5:20;eksplicitna
When I B On Tha Mic;Rakim;The Master;3:42;eksplicitna
How I Could Just Kill a Man;Cypress Hill;The Essential Cypress Hill;4:08;eksplicitna
Brain Damage;Eminem;The Slim Shady LP;3:46;eksplicitna
Me Against the World;2Pac;Me Against The World;4:39;eksplicitna
Dynamite!;The Roots;Things Fall Apart (Deluxe Edition);4:45;eksplicitna
Moment In Time;The Pharcyde;Labcabincalifornia;2:44;eksplicitna
Virus;Deltron 3030;Deltron 3030;4:26;ni_eksplicitna
Quiet Storm;Mobb Deep;Mobb Muzik (Clean Version);4:05;ni_eksplicitna
Paul Revere;Beastie Boys;Licensed To Ill;3:40;ni_eksplicitna
Hard Knock Life (Ghetto Anthem);JAY-Z;Vol.2... Hard Knock Life;3:58;eksplicitna
Heart of a Lion (Kid Cudi Theme Music);Kid Cudi;Man On The Moon: The End Of Day (Int'l Version);4:21;eksplicitna
Let Me Ride;Dr. Dre;The Chronic;4:21;eksplicitna
Anti-Matter;King Geedorah;Take Me To Your Leader;3:26;ni_eksplicitna
He Got Game;Public Enemy;He Got Game (Soundtrack);4:46;eksplicitna
Rhymin & Stealin;Beastie Boys;Solid Gold Hits;2:58;ni_eksplicitna
Benz Truck (гелик);Lil Peep;Benz Truck (гелик);2:39;eksplicitna
What You Know;T.I.;King;4:34;ni_eksplicitna
Feel Me Flow;Naughty By Nature;Feel Me Flow/Hang Out and Hustle;3:35;ni_eksplicitna
Rigamortus;Kendrick Lamar;Section.80;2:48;eksplicitna
Still Don't Give a Fuck;Eminem;The Slim Shady LP (Expanded Edition);4:12;eksplicitna
APESHIT;The Carters;EVERYTHING IS LOVE;4:25;eksplicitna
Sooner or Later;N*E*R*D;Ni podatka;Ni podatka;ni_eksplicitna
Started from the Bottom;Drake;Nothing Was The Same (Deluxe);2:53;eksplicitna
Resurrection;Common;Resurrection;3:47;eksplicitna
Let 'Em Know;Souls of Mischief;93 'til Infinity;4:14;eksplicitna
Feeling Myself;Nicki Minaj;The Pinkprint;3:58;eksplicitna
Beauty and a Beat;Justin Bieber;Believe (Deluxe Edition);3:48;ni_eksplicitna
BAD!;XXXTENTACION;Bad Vibes Forever;2:30;eksplicitna
Sucka Nigga;A Tribe Called Quest;Midnight Marauders;4:05;eksplicitna
Infinite;Eminem;Infinite;4:11;eksplicitna
Chum;Earl Sweatshirt;Doris;4:03;eksplicitna
Yeah! (feat. Lil Jon & Ludacris);Usher;Versus;3:40;ni_eksplicitna
Two Can Win;J Dilla;Donuts;1:47;ni_eksplicitna
Chwile ulotne;Paktofonika;Kinematografia (Remaster);4:37;ni_eksplicitna
Trouble On My Mind;Pusha T;Fear of God II: Let Us Pray;3:32;eksplicitna
Diamonds From Sierra Leone;Kanye West;Late Registration;3:53;eksplicitna
Xxplosive;Dr. Dre;2001;3:35;eksplicitna
Hood Politics;Kendrick Lamar;To Pimp A Butterfly;4:53;eksplicitna
Gimme Some More;Busta Rhymes;The Best of Busta Rhymes;2:38;eksplicitna
Bistro;Madvillain;Madvillainy;1:07;ni_eksplicitna
Oh Boy;Cam'ron;Hip Hop 00s;3:24;eksplicitna
Egg Man;Beastie Boys;Paul's Boutique (20th Anniversary Edition / Remastered);2:57;ni_eksplicitna
WAP (feat. Megan Thee Stallion);Cardi B;Lockdown Era;3:07;eksplicitna
Goodbyes (feat. Young Thug);Post Malone;Ni podatka;Ni podatka;ni_eksplicitna
Brooklyn's Finest;JAY-Z;Reasonable Doubt;4:35;eksplicitna
Sensual Seduction;Snoop Dogg;Sensual Seduction;4:06;ni_eksplicitna
Do It Now;Mos Def;Black On Both Sides;3:49;eksplicitna
Politics As Usual;JAY-Z;Reasonable Doubt;3:41;eksplicitna
In My Dreams (Cudder Anthem);Kid Cudi;Man On The Moon: The End Of Day (Int'l Version);3:21;eksplicitna
Lose Control (feat. Ciara & Fat Man Scoop);Missy Elliott;Miss E... So Addictive;3:56;eksplicitna
Ghetto;Akon;Classics;3:54;eksplicitna
GHOST!;Kid Cudi;Man On The Moon II: The Legend Of Mr. Rager;4:49;ni_eksplicitna
Time's Up;O.C.;Word...Life (Deluxe Edition);3:25;eksplicitna
Let's Ride;Q-Tip;Amplified;4:07;eksplicitna
Ignorance Is Bliss;Kendrick Lamar;Overly Dedicated;3:30;eksplicitna
Bobby James;N*E*R*D;Ni podatka;Ni podatka;ni_eksplicitna
Teach Me How To Dougie;Cali Swag District;The Kickback;3:57;ni_eksplicitna
We Can Get Down;A Tribe Called Quest;Midnight Marauders;4:19;ni_eksplicitna
Love;Mos Def;Hip Hop 00s;4:09;eksplicitna
I Ain't Goin' Out Like That;Cypress Hill;Black Sunday (Radio Version);4:26;ni_eksplicitna
MC's Act Like They Don't Know;KRS-One;KRS-One;4:55;eksplicitna
Yikes;Kanye West;ye;3:09;eksplicitna
Right Round (feat. Ke$ha);Flo Rida;Right Round;3:27;ni_eksplicitna
Brain;N*E*R*D;Ni podatka;Ni podatka;ni_eksplicitna
House of Balloons / Glass Table Girls;The Weeknd;House Of Balloons (Original);6:47;eksplicitna
Daylight;Aesop Rock;Daylight;4:25;eksplicitna
Hey Ladies;Beastie Boys;Paul's Boutique (20th Anniversary Edition / Remastered);3:47;ni_eksplicitna
Morning After Dark (Featuring Nelly Furtado & SoShy);Timbaland;Shock Value;2:59;ni_eksplicitna
Bite Me;ENHYPEN;DARK BLOOD;2:37;ni_eksplicitna
Get By;Talib Kweli;Hip Hop 00s;3:48;eksplicitna
Fight Music;D12;Hip Hop Workout I Beast Mode;4:22;eksplicitna
Big Ego's;Dr. Dre;2001;3:58;eksplicitna
Big Fish;Vince Staples;Big Fish Theory;3:18;ni_eksplicitna
White Walls (feat. ScHoolboy Q & Hollis);Macklemore & Ryan Lewis;Ni podatka;Ni podatka;ni_eksplicitna
Suddenly;A$AP Rocky;LONG.LIVE.A$AP (Deluxe Version);4:30;eksplicitna
Chonkyfire;OutKast;Aquemini;6:10;eksplicitna
Patiently Waiting;50 Cent;Get Rich Or Die Tryin';4:48;eksplicitna
Hustler's Ambition;50 Cent;Get Rich Or Die Tryin'- The Original Motion Picture Soundtrack;4:02;eksplicitna
Red Velvet;OutKast;Stankonia (Deluxe Version);3:54;eksplicitna
Young Forever;JAY-Z;The Blueprint 3;4:13;eksplicitna
Wesley's Theory;Kendrick Lamar;To Pimp A Butterfly;4:47;eksplicitna
West Savannah;OutKast;Aquemini;4:03;eksplicitna
My Chick Bad;Ludacris;Battle Of The Sexes (Deluxe);3:36;eksplicitna
Hacker;Death Grips;The Money Store;4:36;eksplicitna
FXCK UP THE WORLD (feat. Future);Lisa;Alter Ego;3:01;eksplicitna
Get Em High;Kanye West;The College Dropout;4:49;eksplicitna
Babylon;OutKast;ATLiens;4:24;eksplicitna
Intro;De La Soul;Stakes Is High;2:35;eksplicitna
Lifesaver;Guru;Jazzmatazz Volume II: The New Reality;4:13;ni_eksplicitna
Song Cry;JAY-Z;The Blueprint (Explicit Version);5:02;eksplicitna
Can't Knock The Hustle;JAY-Z;Reasonable Doubt;5:17;eksplicitna
Blame Game;Kanye West;My Beautiful Dark Twisted Fantasy;7:50;eksplicitna
Spaz;N*E*R*D;Ni podatka;Ni podatka;ni_eksplicitna
Gold Watch;Lupe Fiasco;R'n'B Bling;4:12;ni_eksplicitna
She Said;The Pharcyde;Labcabincalifornia;5:14;eksplicitna
8 Steps To Perfection;Company Flow;Ni podatka;Ni podatka;ni_eksplicitna
Witness (1 Hope);Roots Manuva;Run Come Save Me;4:14;ni_eksplicitna
Re:Definition;Black Star;Mos Def & Talib Kweli Are Black Star;3:00;eksplicitna
Illusions;Cypress Hill;Stash;3:32;ni_eksplicitna
Change Clothes;JAY-Z;The Black Album;4:17;eksplicitna
Perfect Hair;DANGERDOOM;THE MOUSE & THE MASK;2:03;ni_eksplicitna
"A Roller Skating Jam Named ""Saturdays""";De La Soul;De La Soul is Dead;4:02;ni_eksplicitna
U Don't Know;JAY-Z;The Blueprint (Explicit Version);3:19;eksplicitna
Paid in Full;Eric B. & Rakim;NT Soundsystem;3:43;ni_eksplicitna
Check Out Time;2Pac;All Eyez On Me;4:39;eksplicitna
Positive Contact;Deltron 3030;Deltron 3030;4:42;ni_eksplicitna
Bang Bang;Dr. Dre;2001;3:42;eksplicitna
The Way You Move (feat. Sleepy Brown);OutKast;Speakerboxxx/The Love Below;3:55;eksplicitna
Phresh Out the Runway;Rihanna;Unapologetic (Deluxe);3:44;eksplicitna
Simple As...;Kid Cudi;Man On The Moon: The End Of Day (Int'l Version);2:31;eksplicitna
Lost Boys;Death Grips;The Money Store;3:06;eksplicitna
PARIS;$uicideboy$;Paris;1:46;eksplicitna
With You;Chris Brown;With You;4:12;ni_eksplicitna
Players;Slum Village;Sex;2:26;eksplicitna
The Light;Common;Like Water For Chocolate;4:21;eksplicitna
White Iverson;Post Malone;Stoney (Deluxe);4:14;eksplicitna
Don't Matter;Akon;Throwback Valentine's Jams;4:52;eksplicitna
?;OutKast;Rolling 200 Deep;62:33;eksplicitna
A Milli;Lil Wayne;Tha Carter III;3:41;eksplicitna
Jak zapomnieć;Jeden Osiem L;14 Lutego;1:38;ni_eksplicitna
Can't C Me;2Pac;All Eyez On Me;5:30;eksplicitna
Ring-a-Ling;Black Eyed Peas;THE E.N.D. (THE ENERGY NEVER DIES);4:33;ni_eksplicitna
Lyrics to Go;A Tribe Called Quest;Hits, Rarities & Remixes;3:49;ni_eksplicitna
Bring the Noise;Public Enemy;Made In Chicago;3:43;ni_eksplicitna
When It Rains It Pours;50 Cent;Get Rich Or Die Tryin'- The Original Motion Picture Soundtrack;4:03;eksplicitna
Hit 'Em Up Style (Oops!);Blu Cantrell;Bittersweet;4:12;ni_eksplicitna
SWEET SPOT;Justin Bieber;SWAG;3:05;eksplicitna
My Dad's Gone Crazy;Eminem;The Eminem Show;4:27;eksplicitna
What?;A Tribe Called Quest;The Low End Theory;2:29;eksplicitna
The Fine Print;King Geedorah;Take Me To Your Leader;4:29;eksplicitna
Bitch Please;Death Grips;The Money Store;2:59;eksplicitna
Bluebird;One Self;Hôtel Costes 9;3:42;ni_eksplicitna
Back That Azz Up;Juvenile;Greatest Hits;4:25;eksplicitna
Holy Grail;JAY-Z;Magna Carta... Holy Grail;5:38;ni_eksplicitna
Stakes Is High;De La Soul;Stakes Is High;5:30;eksplicitna
Smoke Buddah;Redman;Muddy Waters;2:34;eksplicitna
Brooklyn;Mos Def;Black On Both Sides;5:10;eksplicitna
West Savannah (feat. SZA);Isaiah Rashad;Cilvia Demo;2:47;eksplicitna
Swing;Savage;Freedom Or Death;3:53;eksplicitna
Foreword (feat. Rex Orange County);Tyler, The Creator;Flower Boy;3:14;eksplicitna
Bring The Pain;Method Man;Hip Hop Workout;3:08;eksplicitna
Ain't Sayin' Nothin' New;The Roots;Things Fall Apart;4:34;eksplicitna
Next Levels;King Geedorah;Take Me To Your Leader;3:49;ni_eksplicitna
Institutionalized;Kendrick Lamar;To Pimp A Butterfly;4:31;eksplicitna
Goblin;Tyler, The Creator;Ni podatka;Ni podatka;ni_eksplicitna
Walk It Out;Unk;Hip Hop Mix USA [Continuous Mix by DJ Woogie];2:47;ni_eksplicitna
In the Morning;J. Cole;Cole World: The Sideline Story;3:54;ni_eksplicitna
Time Keeps on Slipping;Deltron 3030;Deltron 3030;4:59;ni_eksplicitna
Snap Yo Fingers;Lil Jon;Snap Yo Fingers - Single;4:34;ni_eksplicitna
Milkshake;Kelis;The Hits;3:04;ni_eksplicitna
Ho Happy Jackie;AZ;Doe Or Die;3:35;eksplicitna
Grown Up;Danny Brown;Once Upon a Time in 2012;2:19;eksplicitna
I Can;Nas;God's Son;4:13;ni_eksplicitna
Unhappy;OutKast;Speakerboxxx/The Love Below;3:19;eksplicitna
Going Through Changes;Eminem;Recovery;4:59;eksplicitna
God Lives Through;A Tribe Called Quest;Midnight Marauders;4:15;ni_eksplicitna
Down & Out;Kid Cudi;Memories (feat. Kid Cudi);3:30;ni_eksplicitna
No Endz, No Skinz;Big L;Lifestylez Ov Da Poor & Dangerous;3:29;eksplicitna
Double Trouble;The Roots;Things Fall Apart;5:50;eksplicitna
I'm a Thug;Trick Daddy;Goated Rap;4:14;eksplicitna
Wu-Tang: 7th Chamber;Wu-Tang Clan;Enter The Wu-Tang (36 Chambers) [Expanded Edition];6:10;eksplicitna
I'm On One;DJ Khaled;We The Best Forever;4:56;eksplicitna
Find Your Love;Drake;Thank Me Later (Int'l Version);3:32;ni_eksplicitna
My Mom;Eminem;Relapse;5:20;eksplicitna
Party Like A Rock Star;Shop Boyz;Hip Hop 00s;4:13;eksplicitna
The Panties;Mos Def;The New Danger;4:11;ni_eksplicitna
I Gotcha;Lupe Fiasco;Goated Rap;3:58;eksplicitna
Lemonade;Gucci Mane;Goated Rap;4:06;eksplicitna
God's Plan;Drake;Scorpion;3:18;eksplicitna
It Ain't Easy;2Pac;Me Against The World;4:53;eksplicitna
Kookies;MF DOOM;MM..FOOD;4:02;eksplicitna
Beware;Big Punisher;Ni podatka;Ni podatka;ni_eksplicitna
So Sick;Ne-Yo;In My Own Words;3:27;ni_eksplicitna
Bartender (feat. Akon);T-Pain;Happy Hour: The Greatest Hits;4:01;eksplicitna
Rock N Roll;Mos Def;Ni podatka;Ni podatka;ni_eksplicitna
N95;Kendrick Lamar;Mr. Morale & The Big Steppers;3:15;eksplicitna
Walkin On Water;Stray Kids;HOP;2:28;ni_eksplicitna
E.I.;Nelly;Country Grammar;4:45;eksplicitna
Angels;A$AP Rocky;LONG.LIVE.A$AP (Deluxe Version);3:47;eksplicitna
Hail Mary;2Pac;The Don Killuminati: The 7 Day Theory;5:09;eksplicitna
Excuse Me Miss;JAY-Z;Blueprint 2.1;4:41;eksplicitna
Ghetto Gospel;2Pac;Loyal To The Game;3:58;eksplicitna
Put It On Me;Ja Rule;Rule 3:36;4:22;eksplicitna
The Chase, Part II;A Tribe Called Quest;Midnight Marauders;4:02;eksplicitna
I Like It;Cardi B;Invasion of Privacy;4:13;eksplicitna
Children's Story;Black Star;Mos Def & Talib Kweli Are Black Star;3:32;eksplicitna
Busta's Lament;A Tribe Called Quest;The Love Movement;2:39;ni_eksplicitna
Make Your Mind Up;Souls of Mischief;93 'til Infinity;3:51;ni_eksplicitna
This Way;Dilated Peoples;Neighborhood Watch;2:46;ni_eksplicitna
I Get Money;50 Cent;Best Of 50 Cent;3:44;eksplicitna
Gold;GZA/Genius;Ni podatka;Ni podatka;ni_eksplicitna
Alive;Black Eyed Peas;THE E.N.D. (THE ENERGY NEVER DIES);5:03;ni_eksplicitna
Subirusdoistiozin;Criolo;Nó na Orelha;3:33;ni_eksplicitna
Under Ground Kings;Drake;Take Care (Deluxe);3:32;eksplicitna
8 Million Stories;A Tribe Called Quest;Midnight Marauders;4:21;ni_eksplicitna
Time: The Donut of the Heart;J Dilla;Donuts;1:39;ni_eksplicitna
Hey Ma;Cam'ron;The 2000’s Are Back – Best of Hip Hop & RnB;3:52;ni_eksplicitna
If I Had;Eminem;The Slim Shady LP;4:05;eksplicitna
I'm Supposed to Die Tonight;50 Cent;The Massacre;3:50;eksplicitna
The New Style;Beastie Boys;Licensed To Ill;4:35;ni_eksplicitna
Juicy;The Notorious B.I.G.;Ready to Die (The Remaster);5:02;eksplicitna
1977;Ana Tijoux;1977;3:21;ni_eksplicitna
Stir Fry;Migos;Culture II;3:12;eksplicitna
Drank In My Cup;Kirko Bangz;Drank in My Cup;3:52;eksplicitna
Come Close;Common;The Dutch Masters, Vol. 1 (Deluxe);5:14;eksplicitna
Live Your Life;T.I.;Paper Trail;5:38;ni_eksplicitna
Phoenix;A$AP Rocky;LONG.LIVE.A$AP (Deluxe Version);3:53;eksplicitna
The Start of Your Ending (41st Side);Mobb Deep;The Infamous;4:24;eksplicitna
Stay Fly;Three 6 Mafia;Most Known Unknown (Explicit);3:53;eksplicitna
Luck Of Lucien;A Tribe Called Quest;The Anthology;4:35;ni_eksplicitna
Skypager;A Tribe Called Quest;The Low End Theory;2:13;ni_eksplicitna
Looking Down the Barrel of a Gun;Beastie Boys;Paul's Boutique (20th Anniversary Edition / Remastered);3:28;ni_eksplicitna
Clap Your Hands;A Tribe Called Quest;Hits, Rarities & Remixes;3:32;ni_eksplicitna
Throw It in the Bag;Fabolous;y2k vibes I 2000s hits;3:51;eksplicitna
I'm Goin In;Drake;I'm Goin In;3:45;eksplicitna
Gas Drawls;MF DOOM;Operation: Doomsday (Complete);3:43;eksplicitna
My Love (feat. T.I.);Justin Timberlake;FutureSex/LoveSounds Deluxe Edition;4:36;ni_eksplicitna
Hot-n-Fun;N*E*R*D;Ni podatka;Ni podatka;ni_eksplicitna
Can It Be All So Simple;Wu-Tang Clan;Enter the Wu-Tang (36 Chambers);4:19;ni_eksplicitna
She's Crafty;Beastie Boys;Ni podatka;Ni podatka;ni_eksplicitna
Ghost Town;Kanye West;ye;4:32;eksplicitna
Fuck Up the Fun;Azealia Banks;Fantasea;2:24;eksplicitna
Rebel Without a Pause;Public Enemy;It Takes A Nation Of Millions To Hold Us Back (Deluxe Edition);5:00;ni_eksplicitna
Dancing In The Rain;Blu & Exile;On ne change pas;4:29;ni_eksplicitna
Yo (Excuse Me Miss);Chris Brown;Chris Brown (Expanded Edition);3:49;ni_eksplicitna
Chief Rocka;Lords of the Underground;Old School Hip-Hop, Vol. 4;3:45;ni_eksplicitna
Fuck That;Death Grips;The Money Store;2:25;eksplicitna
Ghettomusick;OutKast;Live at Lollapalooza Festival 2014;5:41;ni_eksplicitna
Dreams;The Game;The Documentary;4:47;eksplicitna
Hard;Rihanna;Rated R;4:10;eksplicitna
STICKY (feat. GloRilla, Sexyy Red & Lil Wayne);Tyler, the Creator;Flower Boy;3:44;eksplicitna
Desperado;Rihanna;ANTI (Deluxe);3:06;ni_eksplicitna
Super Bass;Nicki Minaj;Pink Friday (Deluxe Edition);3:21;ni_eksplicitna
Madness;Deltron 3030;Deltron 3030;4:38;ni_eksplicitna
Take It Off;De La Soul;3 Feet High and Rising;1:52;ni_eksplicitna
Lost;Frank Ocean;channel ORANGE;3:54;eksplicitna
Hold It Now, Hit It;Beastie Boys;Licensed To Ill;3:26;ni_eksplicitna
American Boy;Estelle;American Boy;4:44;eksplicitna
The Ghetto;Too $hort;Short Dog's In The House;4:59;ni_eksplicitna
Y?;The Pharcyde;Labcabincalifornia;5:04;eksplicitna
Pray for Me (with Kendrick Lamar);The Weeknd;Ni podatka;Ni podatka;ni_eksplicitna
Can't Hold Us (feat. Ray Dalton);Macklemore;The Heist;4:18;ni_eksplicitna
The Humpty Dance;Digital Underground;Hi-Five: Digital Underground;6:31;ni_eksplicitna
Can't Hold Us (feat. Ray Dalton);Macklemore & Ryan Lewis;Ni podatka;Ni podatka;ni_eksplicitna
I Used to Love H.E.R.;Common;Resurrection;4:39;eksplicitna
Callaita;Bad Bunny;Callaita;4:10;eksplicitna
K.O.S. (Determination);Black Star;Mos Def & Talib Kweli Are Black Star;4:49;eksplicitna
Don't Believe the Hype;Public Enemy;Retro Songs Vol 4;5:18;ni_eksplicitna
Say Goodbye Hollywood;Eminem;The Eminem Show;4:32;eksplicitna
Straight to the Bank;50 Cent;Best Of 50 Cent;3:13;eksplicitna
Memory Loss;Deltron 3030;Deltron 3030;4:39;ni_eksplicitna
Fear Not of Man;Mos Def;Black On Both Sides;4:28;eksplicitna
Oldie;OFWGKTA;Ni podatka;Ni podatka;ni_eksplicitna
Real Muthaphuckkin G's;Eazy-E;Gangsta Memorial;5:32;eksplicitna
Over and Over;Nelly;Over and Over;4:14;eksplicitna
I'm Shady;Eminem;The Slim Shady LP;3:31;eksplicitna
Richman;3OH!3;WANT (Deluxe);3:19;eksplicitna
Como Eu Te Quero;Black Alien;Babylon By Gus Vol. 1 - o Ano do Macaco;3:30;ni_eksplicitna
All Girls Are the Same;Juice WRLD;Goodbye & Good Riddance;2:49;eksplicitna
Save That Shit;Lil Peep;Come Over When You're Sober, Pt. 1;3:51;eksplicitna
The Rain (Supa Dupa Fly);Missy Elliott;Ni podatka;Ni podatka;ni_eksplicitna
Black Ego;Digable Planets;Blowout Comb;7:02;ni_eksplicitna
The Mask;Fugees;The Score (Expanded Edition);4:50;eksplicitna
D'Evils;JAY-Z;Reasonable Doubt;3:32;eksplicitna
Step into a World (Rapture's Delight);KRS-One;The Essential Boogie Down Productions / KRS-One;4:50;ni_eksplicitna
My Way Home;Kanye West;Late Registration;1:43;eksplicitna
Catch A Bad One;Del Tha Funkee Homosapien;Ni podatka;Ni podatka;ni_eksplicitna
Drips;Eminem;The Eminem Show;4:45;eksplicitna
Push It;Salt-N-Pepa;Hot, Cool & Vicious;4:28;ni_eksplicitna
Rainbows;Madvillain;Madvillainy;2:51;eksplicitna
Hey Lover;LL Cool J;Mr. Smith (Deluxe Edition);4:04;eksplicitna
Car Thief;Beastie Boys;Paul's Boutique (20th Anniversary Edition / Remastered);3:39;eksplicitna
Crush on You;Lil' Kim;Rolling 200 Deep;62:33;eksplicitna
Gimme Your's;AZ;Doe Or Die;3:07;eksplicitna
Gz and Hustlas;Snoop Dogg;Doggystyle;4:35;eksplicitna
Vivrant Thing;Q-Tip;High Music rap;3:10;eksplicitna
Go Hard (La.La.La);Kreayshawn;Go Hard (La.La.La) (Album Version);3:38;eksplicitna
Missing You;Black Eyed Peas;THE E.N.D. (THE ENERGY NEVER DIES);4:35;ni_eksplicitna
Run the Jewels;Run the Jewels;Run The Jewels;3:30;eksplicitna
This Is How We Do It;Montell Jordan;Tastemakers: Def Jam;4:37;ni_eksplicitna
Old School;2Pac;Me Against The World;4:39;eksplicitna
If I Die 2Nite;2Pac;Me Against The World;4:01;eksplicitna
Insane;Eminem;Relapse [Deluxe];3:01;eksplicitna
Slip Out The Back (Feat. Mr. Hahn);Fort Minor;The Rising Tied;3:56;ni_eksplicitna
Shootouts;Nas;It Was Written;3:46;eksplicitna
The Sounds of Science;Beastie Boys;Paul's Boutique (20th Anniversary Edition / Remastered);3:13;ni_eksplicitna
Right Thru Me;Nicki Minaj;Pink Friday;3:56;eksplicitna
Tha Shiznit;Snoop Dogg;Doggystyle;4:40;eksplicitna
Lil' Ghetto Boy;Dr. Dre;The Chronic;5:29;eksplicitna
Put On;Young Jeezy;Go Crazy;5:26;eksplicitna
The Story of O.J.;JAY-Z;4:44;3:51;eksplicitna
Say No Go;De La Soul;Say No Go (Remixes);6:13;ni_eksplicitna
Straighten It Out;Pete Rock & C.L. Smooth;TAF TAPE 1;2:52;eksplicitna
New World Water;Mos Def;Black On Both Sides;3:11;eksplicitna
Foe Tha Love of $;Bone Thugs-N-Harmony;Creepin on Ah Come Up;4:32;eksplicitna
Turn the Page;The Streets;Original Pirate Material;3:15;ni_eksplicitna
Worst Comes To Worst;Dilated Peoples;Expansion Team;3:35;ni_eksplicitna
Ice Ice Baby;Vanilla Ice;Vanilla Ice Is Back! - Hip Hop Classics;4:14;ni_eksplicitna
Shadrach;Beastie Boys;Paul's Boutique (20th Anniversary Edition / Remastered);4:07;ni_eksplicitna
Cold Wind Blows;Eminem;Recovery;5:04;eksplicitna
23;Mike Will Made-It;HIP-HOP 50: DIRTY SOUTH;4:10;eksplicitna
What I'm Here 4;Gang Starr;Moment Of Truth;2:45;eksplicitna
Incarcerated Scarfaces;Raekwon;Only Built 4 Cuban Linx...;4:43;eksplicitna
Magic Stick;Lil' Kim;La Bella Mafia;5:34;ni_eksplicitna
All Black;Big L;Lifestylez Ov Da Poor & Dangerous;4:21;ni_eksplicitna
Investigative Reports;GZA/Genius;Ni podatka;Ni podatka;ni_eksplicitna
List of Demands (Reparations);Saul Williams;Ni podatka;Ni podatka;ni_eksplicitna
W.T.P.;Eminem;Recovery;3:58;eksplicitna
High Plains Drifter;Beastie Boys;Ni podatka;Ni podatka;ni_eksplicitna
Planet Rock;Afrika Bambaataa;Planet Rock (Digital 45);5:19;ni_eksplicitna
Rollout (My Business);Ludacris;Word Of Mouf;4:56;eksplicitna
Break from Toronto;PARTYNEXTDOOR;PARTYNEXTDOOR;1:39;eksplicitna
Zucker (feat. Vanessa Mason);Peter Fox;Stadtaffe;3:13;ni_eksplicitna
Temptations;2Pac;Me Against The World;5:02;eksplicitna
Legacy;Eminem;The Marshall Mathers LP2 (Deluxe);4:56;eksplicitna
Get Spanish;De Jeugd van Tegenwoordig;De Lachende Derde;4:22;eksplicitna
Schlechtes Vorbild;Sido;Schlechtes Vorbild;3:24;eksplicitna
Christ Conscious;Joey Bada$$;B4.DA.$$;2:53;eksplicitna
Don't Say Nuthin';The Roots;Don't Say Nuthin;3:36;eksplicitna
Lodi Dodi;Snoop Dogg;Doggystyle;5:01;eksplicitna
Best Love Song;T-Pain;Happy Hour: The Greatest Hits;3:17;ni_eksplicitna
Hello;Eminem;Relapse: Refill;4:08;eksplicitna
November 18th;Drake;So Far Gone;3:08;eksplicitna
Baby Doll;N*E*R*D;Ni podatka;Ni podatka;ni_eksplicitna
You Ain't A Killer;Big Punisher;Ni podatka;Ni podatka;ni_eksplicitna
Allure;JAY-Z;The Black Album;4:52;eksplicitna
Guess Who's Back;Rakim;The 18th Letter / The Book Of Life;4:10;ni_eksplicitna
The Format;AZ;The Format (Special Edition);3:03;eksplicitna
Best Friend (feat. Doja Cat);Saweetie;Best Friend (feat. Doja Cat & Stefflon Don) [Remix];2:56;eksplicitna
Jeopardy;Run the Jewels;Run The Jewels 2;3:21;eksplicitna
Battlecry;Nujabes;samurai champloo music record departure;3:22;ni_eksplicitna
Now You're Mine;Gang Starr;Full Clip: A Decade Of Gang Starr;2:55;ni_eksplicitna
Microphone Mathematics;Quasimoto;Hittin' Hooks;2:27;eksplicitna
Come Baby Come;K7;Swing Batta Swing;3:59;ni_eksplicitna
Get Back;Ludacris;Down South: 2000s Hip Hop Bangers;4:30;eksplicitna
Kim;Eminem;The Marshall Mathers LP;6:17;eksplicitna
Amityville;Eminem;The Marshall Mathers LP;4:14;eksplicitna
Danger Zone;Big L;Lifestylez Ov Da Poor & Dangerous;3:36;ni_eksplicitna
Nowiny;Paktofonika;Kinematografia (Remaster);3:43;eksplicitna
Beware;Big Sean;Hall Of Fame (Deluxe);3:56;eksplicitna
Energy;Drake;If You're Reading This It's Too Late;3:02;eksplicitna
No Scrubs;TLC;Now & Forever - The Hits;3:39;ni_eksplicitna
Da Joint;EPMD;Back In Business;3:28;eksplicitna
Red And Gold;MF DOOM;Operation: Doomsday (Complete);4:43;eksplicitna
Hypnotize;The Notorious B.I.G.;Greatest Hits;3:50;eksplicitna
Like Toy Soldiers;Eminem;Curtain Call: The Hits;4:57;eksplicitna
I Fall Apart;Post Malone;Stoney (Deluxe);3:46;eksplicitna
